word,count
AAA,37
AAC,55
AAEE,41
AAIR,4
ABA,71
ABB,14
ABD,35
ABEA,41
ABEF,41
ABR,4
ACACE,35
ACAEA,41
ACB,14
ACE,8
ACFE,14
ACFF,35
ACL,4
ADB,71
ADD,14
ADDD,37
ADDRESS,3
ADM,4
ADMIN,6
ADOBE,4
AEB,36
AEBD,35
AFA,14
AFB,41
AFED,14
AFFADEACA,30
AFP,4
AFS,4
AGENT,8
AGRI,4
AIMPP,4
AIS,4
ALIASES,3
ALL,5
AMT,6
AMX,4
AND,3
ANSA,4
ANSRINGS,3
ANSYS,4
APC,32
APEX,4
API,8
APOLLO,6
APPSERVER,4
ARDUS,10
ARGIS,4
ARGS,4
ASF,4
ASN,4
AUTOMATIC,4
Aaron,5
Abe,4
Access,63
Accounting,6
Acquisition,7
Active,21
ActiveBatch,4
Adam,4
Adams,3
Adaptec,4
Address,9
Admin,51
Administration,16
Administrator,6
Admins,4
Adobe,6
Adrian,9
AeroFlight,4
Agent,85
AgentX,4
Ahti,4
Air,4
Akiyoshi,3
Alain,6
Alan,17
Alarm,10
Albert,7
Alberto,3
Alex,6
Alexander,15
All,10
Allan,3
Allen,11
Allow,11
Almesberger,4
Alon,4
Altaworks,3
Alternate,12
America,13
AmericaOnline,6
American,9
Amiga,4
Amir,9
Amy,4
Analysis,8
Analytics,4
Anasoft,4
Anderson,9
Andre,4
Andrea,3
Andreas,12
Andrew,18
Andy,15
Ann,3
Annex,4
Announcement,8
Anthony,8
Any,6
Apache,4
App,8
Apple,15
AppleTalk,18
Application,26
Applications,4
April,65
Arepa,4
Ariel,6
Armstrong,11
Arne,4
Arnold,3
Art,3
Assessor,6
Assistant,6
Associates,10
Attachmate,11
Attribute,3
Audio,12
Audit,10
August,29
Auth,4
Authentication,17
Authorization,4
Autocue,6
Autodesk,4
Automation,6
Avi,3
Avocent,9
Avshalom,6
Axon,4
BAB,14
BAD,41
BAE,30
BAFC,30
BBBC,30
BBC,30
BBCDF,14
BBD,36
BBE,14
BBN,13
BCB,37
BCC,14
BCCD,14
BCF,37
BEA,41
BEABF,41
BEAFFD,30
BEC,14
BEDFF,37
BEE,55
BEEP,4
BELOW,4
BFA,41
BFAF,30
BFBFC,14
BFE,14
BMC,28
BPCP,4
BTS,4
BThomas,3
BULLANT,4
Back,7
Backplane,4
Backup,12
Bacula,6
Bahl,3
Bailey,4
Baker,5
Balance,4
Balancing,4
Ballardie,4
Barry,5
Base,6
Basic,3
Beacon,6
Becker,4
Beeri,3
Beeyond,4
Behne,3
Ben,8
Benjamin,6
Benner,3
Bennett,3
Berkeley,12
Bernard,3
Bernstein,5
Bert,3
Best,4
Betsy,3
Bill,31
BinTec,6
Binding,5
BioLink,3
Bishop,3
Bjorn,3
Blich,3
Blockade,4
BoKS,16
Bob,31
Bone,4
Book,4
BootCacheControl,9
Bootstrap,8
Boris,6
Box,3
Brad,9
Braden,7
Bradley,3
Brent,5
Brett,4
Brian,40
Bridge,8
Bridget,3
Britton,3
Broker,24
Brown,4
Bruce,18
Bryan,3
Burgess,4
Bus,4
Business,12
CAADDDEC,41
CAB,3
CBA,35
CBB,86
CBEB,30
CCA,41
CCC,87
CCD,14
CCDDC,30
CCDEED,14
CCM,6
CCS,4
CDA,14
CDD,41
CDDB,44
CDE,41
CDIS,6
CDS,4
CEA,112
CED,15
CESD,4
CET,9
CFA,51
CFD,44
CFG,4
CGI,4
CHANGE,4
CHAT,4
CIR,4
CLI,4
CLOCAL,3
CMD,4
CMIP,4
CML,4
CMU,3
COM,65
COMMAND,4
COMMUNITY,10
COMPILE,3
COPS,6
CORBA,8
CORE,3
COS,8
CPL,6
CQG,4
CSMS,4
CSP,12
CTI,6
CYBORG,3
Cable,4
CableNet,6
Cache,4
Cadis,4
Cadkey,4
Call,22
Cameron,4
Campbell,4
Candle,10
Cano,4
Cardbox,4
Carl,13
Carlos,8
Carlson,3
Case,3
Casner,4
Catalog,6
Catchpole,3
Center,5
Central,10
Certificate,7
Chan,3
Chang,4
Change,9
Channel,21
Channels,4
Chapman,3
Charles,15
Charlie,4
Chat,18
Check,10
Checking,4
Chi,4
ChildKey,4
Chooser,4
Chris,34
Christian,18
Christophe,4
Christopher,12
Chuck,9
Cisco,6
Citrix,9
Clark,6
Class,5
Clay,3
Clean,3
Clear,4
Client,57
Cliff,3
Clifford,11
Cloanto,4
Clock,4
Cluster,14
Coalsere,4
Cohen,4
Colin,7
Collection,4
Collins,3
Com,23
Comm,8
Command,4
Common,7
Communication,12
Communications,9
Company,6
Compaq,19
Compression,4
CompuServe,3
Computer,17
Computing,4
ConServR,6
Conference,3
Config,19
Configuration,13
Conn,4
Connect,8
Connection,16
Connectivity,4
Console,12
Contact,8
Content,5
Contents,7
ContinuStor,4
Control,119
Controller,7
Convergence,4
Conversion,9
Cookie,4
Cooper,5
Coordinator,4
Copyright,5
Core,4
CoreServices,4
Corel,4
Corp,13
Corporation,22
Craig,8
Crawford,4
Cray,6
Creative,4
Credentials,3
Crestron,4
Crispin,3
Croft,3
Cruise,10
Crypto,4
Csoft,4
Cumulus,4
Curtis,5
Customer,4
DAA,41
DAADC,30
DAB,3
DACA,37
DADCBFB,30
DAEMON,3
DATA,10
DBC,65
DBF,14
DBFAEE,14
DBISAM,4
DBase,4
DCA,3
DCBEA,37
DCC,14
DCCE,37
DCD,42
DCDEFBE,37
DDBA,14
DDE,14
DDEF,14
DDM,6
DEB,14
DEBB,37
DEC,49
DEF,37
DEFDISKMINIMUMSPACE,4
DEFMAXLOADAVE,6
DFC,36
DFD,49
DFE,3
DHCPv,4
DIA,3
DICOM,4
DNA,6
DNS,14
DNSIX,6
DSL,3
DSMCC,10
DVT,4
Daemon,37
Dale,3
Dan,14
Daniel,16
Data,95
DataMover,8
Database,19
Databeam,4
Datagram,5
Dave,42
David,83
Davidson,3
Davies,4
Davis,9
Dean,4
Debug,10
Debugger,5
Default,39
Defaults,4
Define,4
Delete,3
Delivery,6
Dell,11
Denis,3
Dennis,6
Design,6
Desktop,27
Device,20
Devon,4
Dial,10
Dialpad,4
DiamondWave,4
Dick,3
Digital,11
Dima,4
Dir,6
DirecPC,6
Direct,18
DirectPlay,4
Director,6
Directories,3
Directory,35
Disc,4
Discover,6
Discovery,34
Dispatcher,4
Display,6
Distributed,17
Distribution,11
Document,9
Dolores,3
Domain,6
Domenech,3
Don,20
Donald,7
Doug,10
Douglas,5
Dror,3
Duane,5
Duncan,7
Dyna,4
Dynamic,10
EAA,35
EAAC,37
EBA,45
EBCC,37
EBEEA,37
EBF,36
ECA,30
ECAE,14
EDDA,41
EDF,41
EDFB,30
EDFFEC,35
EDM,12
EDU,34
EEA,14
EEDB,14
EFB,31
EFBED,14
EFC,14
EFCEBFBF,14
EFD,15
EGPCS,3
EIA,4
EMC,6
EMFIS,4
ENCAPSULATION,4
ENL,4
EPSON,7
ERROR,7
ESCP,4
ESP,5
ESRI,4
EVTP,4
EXAMPLE,8
EXEC,4
EXPAK,4
EXTENSIBLEDOTMIB,26
Earl,3
Easdaq,4
Echo,5
Edgar,5
Edward,4
Egli,3
Eicon,6
Electronic,4
Elvin,4
Embedded,4
Embrace,4
Empress,4
Emulator,8
Encapsulation,7
Encryption,3
End,7
Endpoint,4
Eng,3
Engine,18
Engineering,4
Enhanced,5
Enterprise,31
Entrust,4
Entry,3
Environment,5
Epard,3
Epson,3
Eric,31
Ericsson,4
Erik,5
Eriksson,3
Ethernet,5
Eugene,3
Europe,3
Event,27
Example,5
Examples,3
Excerpt,4
Exchange,12
Exec,6
Executive,3
Exp,8
Express,4
Extender,10
Extensible,10
Extensions,3
FAB,41
FAX,3
FBACF,30
FBC,14
FBD,30
FCAFE,14
FCB,41
FCFBC,14
FDAF,14
FDC,70
FDF,111
FEB,38
FEDDE,30
FEFA,30
FEFDC,37
FFAA,35
FFD,14
FFE,30
FFF,14
FILE,3
FNA,4
FTP,10
FXP,4
Facility,6
Facsys,4
Failed,13
Faith,4
Farley,7
Fast,10
FaxPrefs,4
February,75
Federico,3
Fieldbus,4
File,29
FileMaker,6
FileNET,3
Filenet,6
Fiorano,4
First,9
Flash,6
FlowAnalyzer,4
Folder,6
For,23
Ford,5
Foresyte,4
Forum,6
Forwarding,4
Foundation,4
Fox,3
Francois,6
Frank,9
Fred,10
Frederic,3
FreeBSD,4
From,4
Fujitsu,28
Funk,5
Fusion,5
GBS,4
GET,3
GIOP,4
GPC,3
GPP,4
GPRS,4
GSI,4
GTE,5
GTP,4
GUI,4
Gadget,4
Galaxy,4
Galileo,3
Game,12
Gamma,3
Garcia,3
Garti,3
Gary,17
Gate,6
Gateway,49
Gellens,3
General,3
Generator,5
Genie,4
Geoff,7
George,16
GetData,8
Gibson,5
Gil,3
Gilat,4
Gilbert,5
Gilles,3
Glassman,3
Glen,3
Glenn,8
Global,10
GlobalView,4
GmbH,4
Gon,4
Gordon,13
Graham,6
Graphics,8
Green,7
Greenfield,3
Greg,22
Gregory,3
Grid,4
Groove,4
Group,5
Gur,3
Guy,5
HMMP,4
HMS,3
HOME,3
HPOMS,4
HPSTGMGR,4
HTML,3
HTTP,54
HTTPS,12
HUP,3
Haapanen,3
Haeuptle,4
Hamilton,4
Handler,6
Handling,3
Hanna,3
Hansen,3
Hardware,3
Harris,4
Harrison,4
Harvey,3
Health,4
Heartbeat,4
Heinla,4
Heinz,5
Henning,3
Henry,4
Here,4
Hex,8
Higgins,3
High,4
Hill,3
Hiroyuki,6
Hitoshi,3
Hodges,3
Hoffman,4
Holger,3
Holmbeck,6
Hornby,4
Host,19
HostKey,4
HostbasedAuthentication,3
Hot,4
Houri,3
Howard,7
Howes,5
However,4
Huang,3
Hughes,4
Huitema,5
Hunter,4
Hutchinson,4
Hypercom,4
IAD,6
IANA,12
IAPP,4
IAS,6
IATP,5
IBM,73
ICAD,4
ICG,6
ICL,10
ICMP,3
ICS,3
IDA,4
IDEAFARM,4
IDP,4
IDPR,3
IEC,3
IEEE,7
IFSF,3
IGP,4
III,8
IIOP,10
IIS,6
IMAP,3
IMIP,4
INDEX,4
INDIGO,4
INFO,4
IPC,6
IPH,4
IPV,6
IPX,8
IPv,3
IRdg,3
ISI,9
ISMA,4
ISO,19
ISOIPSIGPORT,4
ITA,4
ITACTIONSERVER,4
ITEMS,13
ITM,4
IUA,3
IVS,4
IXChange,4
Ian,16
Icona,6
IdentityFile,3
Igor,4
Image,8
InVision,4
Inc,30
Include,4
Incognito,4
Independent,5
Info,5
Information,25
Innovations,4
Install,5
Installation,5
Instance,3
Instant,8
Instead,4
Instrument,6
Instruments,4
Int,4
Intecom,4
Integrated,5
Intel,6
Intelligent,4
Inter,8
Interactive,5
Interface,22
Internet,28
Irwin,3
Ishida,3
Ito,4
JAMCT,4
JAUGS,4
JBoss,4
JIS,4
JMB,4
JMQ,4
Jabber,5
Jack,11
Jackie,3
Jackson,4
Jacobs,5
Jacobson,3
Jakob,5
James,28
Janssen,4
January,52
Jason,15
Java,5
Jay,9
Jean,9
Jeff,25
Jeffrey,9
Jens,4
Jensen,3
Jeremy,5
Jerome,4
Jerry,3
Jesus,4
JetVWay,4
JetVision,4
Jiiva,4
Jim,39
Job,14
Joe,11
Joel,3
Johan,3
John,62
Johnson,8
Jon,29
Jonathan,6
Jones,4
Josef,3
Joseph,13
Josyula,5
Juergen,4
Juergens,3
Julian,4
July,25
June,46
KIS,4
KNOWN,3
KRB,4
Kantor,3
Kar,4
Karl,5
Kawabuchi,3
Keith,16
Kelly,8
Ken,16
Kerberos,6
Kevin,25
Key,13
Kille,4
Kim,3
Kimchi,3
King,5
Kirk,3
Kit,4
Klassen,3
Klein,4
Kramer,5
Kress,4
Kryptolan,3
LAN,15
LBC,8
LCS,5
LDAP,4
LIF,4
LINK,6
LIPSinc,4
LOCAL,6
LOCANIS,4
LSTN,4
LXPRO,4
Lambert,3
Lan,3
Language,9
Larry,11
Lars,3
LaunchDaemons,4
Laurent,3
Lawrence,5
Layer,11
LeCroy,3
Lee,13
Legent,4
Len,3
Leo,4
Level,8
Lewis,7
Lexmark,3
Library,25
Licence,4
License,237
Licensing,6
LiebDevMgmt,12
Limited,3
Lines,3
Link,22
LinkTest,4
Linking,4
List,4
Listen,4
Listener,10
Liu,3
Live,12
Load,21
Local,4
Location,13
Locator,6
Locn,4
Locus,5
Log,20
Logging,9
Logic,4
Login,7
LonTalk,4
LonWorks,4
Lookup,4
Lorrin,3
Lotus,5
Louis,6
Ltd,9
LyOng,3
Lyndon,4
Lynn,4
Lyon,5
Lyons,3
MAC,5
MAIL,3
MANPATH,5
MAPPER,6
MATIP,4
MAX,16
MCS,8
MCTET,6
MGR,4
MIBOID,4
MICROSOFT,4
MIL,5
MIN,8
MIT,17
MMS,4
MOBILE,3
MON,8
MOUNT,7
MPM,4
MQSeries,4
MRC,3
MSG,6
MTI,4
MUST,9
MUX,5
MVS,4
MYSQL,3
Mac,10
MacOS,4
Machine,4
MacsBug,4
Magic,3
Magnusson,3
Maiden,3
Mail,29
Maintenance,5
Make,10
Makoto,3
Man,9
Management,91
Manager,298
Map,12
Mapper,4
Mar,8
Marc,11
March,56
Mark,80
Markson,3
Markus,6
Marshall,6
Martin,28
Marty,6
Marvin,4
Mary,3
Master,6
Matt,8
Matthew,6
Matthews,3
Matthias,3
Max,4
Maxim,3
Maximum,24
May,30
Maytag,3
McDonald,4
McKinnon,3
McManus,3
Mcast,10
Measurement,5
Media,22
Message,37
Messages,5
Messaging,16
Messenger,5
Meta,6
Mgmt,6
Mgr,4
Michael,67
Microsoft,29
Microtalon,4
Miguel,3
Mike,47
Miles,5
Miller,9
Millicent,6
Mills,5
Ming,7
Minimum,6
Minoru,3
Miyahara,3
Mobile,10
Mode,6
Module,9
Mohr,3
Mon,4
Monitor,17
Monitoring,12
Moore,5
Morgan,6
Morris,6
Morrison,3
Morwood,3
Moshe,6
Moy,3
Msg,8
Multi,4
Multicast,14
Multimedia,4
Multiplexer,4
Multiplexing,3
Murali,3
Murphy,3
Murray,3
MyROGroup,8
MyRWGroup,8
MySQL,7
Myk,3
NAME,9
NAS,4
NAT,4
NATI,6
NBX,8
NCP,4
NCR,4
NDL,4
NDS,4
NEC,6
NEO,4
NET,25
NETBIOS,6
NETBOOT,11
NETSC,4
NETWORK,12
NETWORKUP,3
NETX,4
NFS,4
NISC,3
NMS,15
NNM,4
NNN,3
NOT,11
NOTE,8
NOTICE,5
NSC,4
NSS,6
NULL,3
NUTS,4
NYSER,3
Nakamura,3
Name,31
Nameserver,4
Navisphere,4
Neal,5
Nedelcho,4
Neil,3
Nelson,3
Net,57
NetBackup,6
NetBill,10
NetBoot,7
NetIQ,12
NetInfo,5
NetLOCK,10
NetMike,8
NetOp,5
NetSpeak,8
NetView,6
NetWare,4
Netmo,4
Netplay,4
Netvion,4
Netware,4
Network,118
NetworkLens,4
Networks,16
Neudoerffer,8
Neuman,8
New,4
Newlix,4
Newman,5
News,6
NewsEDGE,6
Newton,3
Nicholas,5
Nick,9
Nilsson,3
Nimbus,8
Noah,3
Node,4
Nokia,5
Norman,5
North,4
Not,6
Note,35
Notebook,4
Notice,5
Notification,11
Notify,8
Novell,13
November,15
Nucleus,6
Number,5
OCS,4
OID,4
OLAP,8
OMF,8
ONLY,8
OPM,4
OPSEC,14
ORB,4
ORG,3
OSU,3
OTA,4
OVALARMSRV,4
Object,20
Objective,4
Objects,8
Ochi,3
October,21
Off,34
Office,6
Ola,3
Oliver,5
Olson,4
OnLive,6
One,3
Ong,3
Online,4
Only,3
Ono,6
Opalis,3
Open,10
OpenBSD,3
OpenMail,12
OpenView,24
Operations,8
Optical,4
Oracle,20
Oram,3
Orbix,8
Ordinox,4
Ortiz,4
Output,3
Overload,3
PAS,10
PATH,27
PCsync,4
PDA,6
PDL,4
PERFORM,6
PHP,60
PIM,3
PIP,4
PKIX,4
PLEASE,4
POLICY,4
PORT,19
POST,4
POV,3
PROGRAM,4
PROT,4
PTP,7
PUSH,4
Packet,6
Paging,4
Pago,4
Palace,6
Pangolin,4
Panja,4
Parallel,6
Parker,4
Parsec,6
Pass,5
PassGo,4
Password,8
PasswordAuthentication,3
Pat,4
Patel,3
Path,6
Patrick,14
Patrol,14
Paul,61
Pay,4
Peer,18
Peless,4
Per,8
Person,5
Personal,6
Pervasive,4
Peter,47
Peterson,5
Petrack,8
Phil,7
Philip,3
Phillip,4
Photon,4
Pierre,4
Piers,3
Ping,3
Piranha,4
Places,10
Plane,4
Planning,4
Platform,10
Plato,4
Play,4
Please,3
Plugboard,5
Pluribus,3
Plus,4
Point,16
Policy,9
Polling,4
Port,476
Ports,3
Possible,3
Post,6
Postel,23
Postfix,6
PostgreSQL,4
PowWow,4
Powell,4
Power,14
Precise,4
Preferences,4
Prima,3
Print,7
Printer,7
Printing,7
Priority,22
Private,6
PrivateArk,4
Privilege,3
Pro,12
Process,9
Processing,4
Products,6
Program,12
Propel,4
Proshare,8
Prospero,14
Proto,9
Protocol,400
Proxy,28
Public,4
Pulsipher,4
Push,4
QSNet,10
Query,5
Quest,10
Quick,5
Quote,4
RADIUS,4
RAID,4
RAP,4
RAW,5
RBackup,4
RCC,4
RCI,4
README,4
REQUESTER,4
RETS,4
REX,4
RFC,21
RMI,18
RMRF,13
RPC,17
RPM,4
RSRB,6
RSVP,9
RTMP,4
RTP,4
Radio,5
Ralf,4
Ralph,4
Ram,4
Randall,7
Randolph,5
Randy,8
Ranganathan,3
Rao,7
RapidMQ,4
Raven,8
Ray,7
Raymond,4
Read,3
Real,10
Reddy,3
Redirector,4
Redundancy,3
Redwood,6
Reed,4
Registration,7
Registry,16
Regular,3
Reid,5
Relay,16
Reliable,6
Remote,111
RemoteWare,6
Remotec,4
Removed,9
Removing,4
Rendezvous,6
Replication,8
Reporting,6
Repository,4
Request,8
Research,11
Reserved,12
Resolution,6
Resource,26
RestartAuthorization,6
Ret,4
Returns,3
RhostsRSAAuthentication,3
Ricardo,4
Rich,3
Richard,30
Richards,4
Richmond,3
Rick,7
Ridgeway,4
Right,4
Rob,12
Robert,49
Roberts,3
Robin,7
Rockwell,8
Roger,9
Rogers,3
Roman,5
Ron,14
Ronald,3
Rose,9
Rosenberg,6
Ross,8
Rotating,4
Router,9
Routing,19
Royer,4
Royere,5
Rudi,5
Run,4
Running,4
Russ,3
Russell,7
Ryan,4
SAN,4
SANavigator,3
SAP,3
SASSAFRAS,4
SAT,3
SATNET,3
SCC,3
SCO,12
SCP,4
SCPI,4
SCTP,3
SDE,4
SDS,3
SDUNode,4
SECURE,6
SEIKO,3
SEP,3
SERVER,8
SERVERVIEW,10
SGI,4
SGMP,4
SHADOW,4
SHOULD,3
SIM,4
SIP,4
SKIP,4
SMAR,4
SMC,4
SMI,3
SMPP,4
SMS,14
SNA,16
SNMP,12
SNS,16
SPS,3
SPX,4
SQL,22
SRB,4
SRP,3
SRV,4
SSL,76
SSO,6
STARTLCA,3
STARTPBS,3
STI,4
STUN,8
SUN,4
SYSTEM,5
Sabbagh,3
Saether,3
Safe,6
SafeBoot,7
Sakura,4
Salient,6
Salutation,6
Sanders,3
Sanjay,4
Satellite,7
Scannell,3
Schmidt,5
Schoffstahl,3
Schwartz,3
Scott,43
Scrambler,6
Script,4
Sea,3
Seagate,6
Search,6
Sebastien,3
Sec,3
SecurSight,6
Secure,53
Security,23
See,18
Seliverstov,4
Semantix,3
Semaphore,5
Send,6
Sentinel,8
September,22
Sercomm,4
Serve,8
Server,402
Service,159
Services,47
Session,25
Set,10
Setting,5
Shane,3
Shell,4
Shetty,4
Shinya,3
Shiva,6
Shockwave,4
Show,3
Signal,6
Similar,4
Simon,11
Simple,21
Simpson,4
Singhal,3
Single,4
Sitara,7
Siu,3
Sivonen,3
Sky,4
Smart,4
SmartPackets,4
Smith,8
Socket,6
SofaWare,4
SoftBench,4
Software,72
Solutions,12
Some,3
Sonus,4
Source,3
Special,3
Specification,4
Specify,3
Splitlock,4
Spooler,4
Srinivas,3
Srv,4
Standby,4
Stanev,4
Stanford,3
Stanley,3
Start,6
StatSci,4
Status,11
Stefan,4
Stein,3
Stephane,5
Stephen,26
Steve,42
Steven,15
Steward,6
Stewart,6
Stock,4
Stone,3
Storage,15
Store,5
Stream,5
Streaming,10
Stuart,7
Studios,4
Sudhir,3
Suite,6
Sun,21
SunSCALAR,4
Support,16
Supported,3
Surfup,4
Surr,3
Survey,4
Susie,6
Suzanne,3
Switch,6
Swith,4
Sybase,8
Sylvia,5
SynOptics,4
Synapsis,3
Sync,8
SynchroNet,6
Sys,10
Syslog,3
System,86
Systems,26
TACACS,4
TARGUS,8
TCO,6
TCP,35
TDP,4
TELNET,4
TERM,3
TFTP,4
THE,4
TIA,4
TIER,4
TIP,6
TLS,30
TMESIS,3
TNS,6
TOKEN,4
TRACK,4
TRANSLATED,3
TRAP,8
TRIVNET,4
TSB,4
TTC,6
TTCs,4
TTL,4
Tackett,3
Takashi,3
Takenori,3
Takeshi,4
Talarian,14
Talk,7
Talon,6
Tam,4
Tapestry,6
Tarantella,4
TaskMaster,4
Taylor,11
TeX,4
Technologies,6
Ted,8
Telerate,6
Telnet,8
Terminal,10
Terry,4
Test,15
Thaler,4
The,85
Thierry,4
Third,3
This,52
Thomas,37
Thompson,5
Thor,3
Thrasher,3
Tier,4
Tim,39
Timbuktu,10
Time,26
TimesTen,3
Timeticks,4
Timo,3
Tivoli,6
Tobit,6
Todd,8
Token,5
Tom,30
Tong,3
Tony,16
Tools,4
TopFlow,4
Toru,3
Trace,3
Track,4
Tracker,4
Tracking,6
Trader,4
Trans,6
Transaction,7
Transfer,49
Translation,3
Transmission,7
Transmitter,4
Transport,27
Trap,8
TrelliSoft,5
Trivial,6
Troy,3
Trusted,4
Try,3
Tsao,3
Tsun,3
Tune,4
Tunnel,23
Tunneling,5
TurboNote,4
Turletti,4
Turner,3
Type,5
UCS,4
UDP,24
UNIX,5
UPS,8
URL,8
URLs,7
USA,4
USER,3
UTF,5
UTS,4
UUCP,4
UUNET,3
Ullmann,4
Unassigned,449
Uncomment,4
UniControl,4
UniSQL,4
Unidata,4
Unified,5
Unify,10
Unisys,9
Unit,6
Universal,10
Unix,9
Unknown,3
Unused,8
Update,6
Updates,4
Upgrade,4
Uri,3
Use,10
Used,11
User,47
Users,3
Using,4
Utility,7
VACDSM,4
VAT,4
VERITAS,20
VIS,4
VISA,4
VMF,4
VMTP,3
VNET,13
VPPS,4
VSI,4
VVR,4
Valid,3
Van,5
Varadero,6
Vault,12
Velten,4
VerboseFlag,3
Veritas,10
Version,6
Vertel,4
Via,3
Victor,3
Video,17
Videte,3
View,6
Vincent,5
Vipul,3
Virtual,28
Vista,6
Vocaltec,8
Voice,7
Volz,3
WAP,29
WARNING,7
WBEM,6
WSP,4
WTA,4
Walker,5
Walsh,4
Walter,6
Wang,4
Ward,3
Watanabe,3
Watcher,4
Watson,4
Way,6
Weaver,4
Web,48
WebServer,3
WebSphere,4
Webserver,4
Wed,8
Wei,6
Weichinger,3
Welch,3
Wells,4
Werner,4
West,5
When,14
Whether,9
White,5
Whittaker,3
Who,4
Wide,3
William,20
Williams,7
Willis,4
Wilson,5
Win,3
Windows,9
Wing,3
Wire,6
Wireless,4
Wolf,3
Wolff,3
Wood,6
Workbench,4
Workstation,8
World,13
Wren,4
Wright,4
XEROX,5
XFER,4
XML,6
XNS,9
XSS,4
Xerox,4
Xgrid,4
YES,9
YOU,5
YOUR,5
Yamashita,3
Yamasita,4
Yang,5
Yasunari,7
Yossi,3
You,27
Young,8
Yutaka,6
Zephyr,6
Zone,5
aaas,4
aaftp,4
aairnet,4
aams,4
aas,6
abarsd,4
abb,5
abbaccuray,4
abeabe,3
able,8
about,6
above,14
abr,4
abtact,4
acc,5
access,48
accidental,4
accord,3
account,10
accounting,4
accounts,3
acct,17
accu,4
ace,8
acl,5
acm,3
acmsoda,4
acp,4
acquired,3
acrux,3
acs,4
active,5
activmail,4
adaptec,3
add,9
added,11
addr,10
address,12
adm,10
admin,90
admind,10
admins,3
adobe,3
adobeserver,10
adp,4
ads,4
adtech,3
advsyscon,3
ael,11
aeroflight,4
aes,5
affected,3
afpovertcp,3
afs,23
after,21
agent,71
agentx,6
agri,3
ahti,8
aic,8
aimpp,4
aironet,3
ais,3
aix,48
aker,3
akiyoshi,3
alan,6
alarm,10
alcatel,6
alex,3
alias,19
aliases,10
all,35
allow,56
allowed,17
allows,10
alonk,3
alpes,4
alphatech,5
also,20
alt,10
alta,4
altalink,4
altav,6
altavista,3
alter,3
altera,3
always,9
amanda,4
ambc,4
ambit,5
amir,3
amirp,4
amount,5
amp,3
ampr,14
amt,6
amtec,3
amx,6
ana,3
and,166
anderson,4
andrew,4
anet,10
ann,4
anoto,3
ansa,3
ansoft,4
answer,3
answersoft,5
ansys,5
anthony,6
any,61
anynetgateway,4
aol,15
apc,34
apcc,9
apex,5
api,9
apollo,8
app,14
appareNet,8
apparenet,8
append,3
appl,4
apple,54
appleqtcsrvr,4
application,10
apply,7
appprofiledir,7
apps,4
appserv,4
appserver,14
appswitch,4
apri,3
apw,4
arbortext,3
ardus,6
are,81
arepa,5
argis,5
argument,3
arguments,6
ariel,8
ark,3
arkivio,3
armadp,4
around,3
array,35
asa,6
ascend,3
ase,4
asf,4
ashwin,3
asipregistry,4
asn,4
asnaacceler,4
asoki,3
aspeclmd,4
aspen,6
aspentec,3
assert,5
assigned,7
assignments,3
assumes,3
astromed,3
atex,3
atlinks,5
atm,7
atmtcp,4
att,9
attachmate,8
audctr,4
audio,4
audiojuggler,3
audit,6
audup,4
auris,4
austin,7
auth,35
authenticate,18
authentication,19
authinternal,5
authorization,4
authorize,3
authpriv,5
auto,9
autodesk,8
automatic,6
automatically,16
autoregister,4
avail,3
available,8
availant,4
average,9
avian,4
avocent,3
avt,8
away,4
axis,4
axon,4
back,4
backup,8
bacula,6
badm,4
bandwiz,3
banyan,12
bardac,4
base,8
based,9
bash,3
bashrc,3
basic,6
baud,37
bbn,11
bcast,6
bcm,4
bcmath,3
bcn,10
bcs,9
bdir,4
bears,9
because,5
been,10
beep,6
beeyond,4
before,9
beginning,4
being,6
belarc,5
bellhow,6
below,11
benatong,3
berkeley,3
bert,4
best,5
better,3
between,3
bgs,5
bhevent,4
bhfhs,4
bhmds,4
bhoedap,4
bhoetty,4
biap,3
bill,5
bin,112
binary,3
bintec,7
bitnet,3
bitwise,4
bjorn,3
blackjack,4
block,5
blockade,6
blocks,3
bluelance,3
bluemoon,4
bmc,52
bmpp,4
bob,12
boi,4
boks,8
boldsoft,3
bone,4
bootps,3
borland,3
both,5
bpcp,4
brad,5
braden,3
bradley,3
brcd,4
brf,4
brian,9
bridge,4
brm,3
broker,16
brosenberg,3
browscap,3
bruce,8
bspne,4
bsquare,3
btexact,3
btpp,6
btprjctrl,4
bts,4
buchi,3
bues,4
buffer,3
buffering,8
bug,5
bugs,3
built,3
builtin,21
bullant,5
bundle,3
but,35
bvcontrol,4
byte,4
bytes,4
bytex,3
cablelabs,4
cache,15
caching,3
cadis,4
cadkey,5
cadlock,4
cai,5
caicci,4
caiccipc,4
cal,4
call,11
callback,6
callbook,4
called,3
calling,4
cam,3
cambertx,3
can,56
canex,3
cannot,9
canocentral,4
canon,4
capacity,3
capfast,4
caps,3
cardax,3
cardbox,5
cas,8
case,26
cat,3
catalyst,4
catch,3
catchpole,3
cause,6
cautcpd,4
cbc,6
cbt,5
ccm,10
ccmail,6
ccs,5
cctv,3
cddbp,3
cdp,4
cds,4
centerline,3
centra,5
cera,4
cert,10
certain,5
cesdinv,4
cfg,14
cft,32
cgi,13
change,23
changed,6
changes,6
channels,5
character,9
characters,4
chargen,4
charlie,3
charset,8
chat,13
check,12
checked,5
checkpoint,10
checks,7
chflags,4
childkey,4
chip,3
chipper,3
chmod,10
chown,10
chris,3
chromagrafx,3
chuck,4
cichild,4
cichlid,4
cics,6
ciena,4
cinegrfx,5
cir,4
cisco,73
citadel,5
citrix,6
clariion,5
clark,3
class,58
clay,3
clear,5
cli,6
client,33
clients,5
cloanto,6
clock,4
close,5
cluster,24
clvm,4
cman,4
cmd,7
cmip,4
cml,4
cmu,5
cnd,6
cnhrp,4
cntl,4
cntrl,4
coNETion,4
coast,3
codaauth,4
codasrv,8
code,14
cognex,3
cognima,3
cogsys,3
collab,4
collection,5
collector,4
colubris,3
columbia,3
com,2231
combat,4
combox,3
comcam,6
comm,5
comma,4
command,22
commands,5
comment,48
commented,9
comments,5
commerce,4
common,8
commonspace,4
commplex,4
communications,5
community,10
compaq,17
compat,3
compatibility,3
compile,7
compiled,4
compiler,3
compression,7
compressnet,4
compuserve,6
computer,5
computername,4
computing,3
comsat,3
comscm,4
con,4
concomp,3
concurrent,5
conf,55
conference,4
conferencing,4
config,31
configuration,40
configure,8
configuring,4
confirm,4
confluent,3
confsrvr,4
conn,6
connect,19
connection,10
connectionless,4
connendp,4
console,10
constants,6
consultants,3
consulted,4
contact,10
contain,3
containing,6
contains,11
contents,8
contentserver,4
context,5
continuus,3
control,50
controls,5
converted,6
cookie,7
cookies,4
cops,6
copy,4
corba,4
corel,3
corerjd,4
corp,10
correct,3
courier,4
cpdi,3
cplscrambler,6
cpq,4
cpqrpm,4
cps,3
cqg,5
cray,7
create,12
creative,3
creativepartnr,4
creativeserver,4
credential,5
crestron,5
crit,4
crs,4
crt,4
cruise,10
csbphonemaster,4
csd,4
csdm,6
csdmbase,6
csh,4
csi,4
csms,4
csoft,12
csp,14
cspmulti,4
cspuni,4
csv,4
csvr,6
ctalk,3
ctcd,4
ctdhercules,4
ctf,4
ctp,4
ctrl,14
ctrlrloops,4
cumulus,4
cup,18
currently,3
custom,5
cvc,8
cvd,4
cvmon,4
cvs,3
cvspserver,4
cyaserv,4
cybercash,5
cyc,3
cycleserv,4
cylink,3
cym,3
cymtec,3
cytel,3
daap,3
dab,3
daemon,28
daily,4
daishi,4
dantz,5
darcorp,4
dasp,4
data,95
database,26
databeam,3
datagram,3
datamover,4
datastream,3
dave,7
david,14
day,5
days,7
daytime,4
dbabble,4
dbase,5
dbc,8
dberegister,4
dbisamserver,4
dbm,5
dbref,4
dbsa,3
dbstar,3
dbx,4
dca,3
dcp,6
dcs,3
ddi,14
ddm,6
ddp,5
ddt,3
deal,3
dean,4
debug,5
dec,45
decap,4
decbsrv,4
decode,9
decvms,4
def,4
default,93
defaults,17
define,6
defined,7
delete,3
deleting,3
delimited,4
delivery,12
dell,6
dellwebadmin,4
delta,4
demon,9
deny,4
der,4
descriptions,4
design,4
desired,4
deskshare,4
destination,3
details,7
detect,4
determine,4
dev,30
development,7
device,18
devices,4
devname,3
dgram,15
dhcp,6
dhcpv,4
diagmond,4
diagnose,4
dial,7
dialogic,5
dialout,3
dialpad,5
dicom,4
dict,117
different,7
digiman,4
digital,9
digits,3
dir,30
diradm,4
direcpc,6
direct,4
directive,22
directories,3
directory,22
directplay,4
directv,8
disable,8
disabled,4
disc,10
discard,4
discover,10
discovery,14
discp,8
disk,11
diskTable,20
display,13
displayed,4
dist,3
distcc,6
distinct,7
distproc,4
distrib,4
distributed,5
djb,5
dka,5
dll,49
dls,8
dmdocbroker,4
dmod,3
dna,6
dns,6
doc,7
docent,3
docref,3
documentation,4
does,11
doesn,13
domain,14
domaintime,4
don,18
done,14
donnyworld,5
double,3
dowjones,4
down,3
download,3
dpi,4
dpkeyserv,4
dproxy,4
drive,5
drmsfsd,4
drmsmc,4
dsa,3
dsdn,4
dsfgw,4
dskEntry,20
dsmcc,10
dsom,4
dsp,6
dthaler,3
dtn,3
dtp,4
dtserv,4
dtspcd,4
due,6
dump,3
during,6
dvd,3
dvt,4
dwr,4
dxmessagebase,8
dyna,5
dynamic,4
eSpeech,4
eZmeeting,6
eZproxy,4
each,12
echo,99
echotest,4
ecolor,3
ecsqdmn,4
edb,4
edge,6
edm,12
edu,116
efidiningport,4
eforward,4
egli,3
eicon,7
either,4
elan,5
electronic,3
electronics,3
eli,3
elm,4
elmd,30
els,4
else,24
elvin,4
emWare,4
email,5
embrace,4
emc,11
emfis,4
emp,8
empire,4
emprise,4
empty,26
empuma,4
emt,4
emware,6
enable,13
enabled,7
encap,13
encode,3
encoding,18
encore,5
encouraged,3
encryptswap,3
end,7
endif,4
endpoint,6
enet,12
eng,9
engine,16
enl,4
enough,4
ent,5
enterprises,162
entries,13
entropy,4
entrust,22
entry,18
env,4
environment,8
epicon,3
epmap,10
epp,4
eppc,3
epson,8
equal,3
ereg,3
eric,14
ericsson,6
eristwoguns,4
err,11
error,35
errorFlag,6
errors,33
esac,6
escp,4
esd,4
eskress,4
esl,3
esp,9
espeech,4
esps,6
esri,3
esro,4
etap,6
etc,76
ethernet,3
ets,6
evaluate,12
even,11
event,10
every,5
everydayrc,4
everything,3
evr,4
evtp,4
ewcappsrv,4
ewnn,4
exact,5
example,16
examples,8
exapt,3
exbit,3
exc,8
except,9
exec,28
execution,4
exif,8
exist,4
exists,10
exit,17
expected,3
export,18
expression,3
exprt,4
ext,3
extCommand,4
extEntry,24
extErrFix,4
extIndex,4
extNames,4
extOutput,4
extResult,4
extTable,24
extension,60
extensions,5
extensis,6
eye,8
ezmeeting,4
ezproxy,4
facilityview,4
facsys,5
fact,3
fail,4
failed,10
failover,6
fails,5
fake,5
false,42
far,3
fast,6
fastcgi,3
fatal,6
fax,9
faximum,3
faxportwinport,4
fbsql,13
fcmsys,4
fcopy,4
fcopys,4
fcp,24
feature,7
feedback,4
ferrari,3
ferret,4
field,3
file,141
filecast,4
filemaker,3
filenet,13
files,39
find,16
finger,3
finle,3
fiorano,5
firefox,5
firepower,4
first,4
firstfloor,3
fix,4
fjappmgrbulk,4
fjdmimgr,4
fjdocdist,4
fjicl,6
fjinvmgr,4
fjippol,10
fjmpss,4
flags,5
flush,4
fmpro,4
following,27
follows,3
font,5
foo,9
for,211
force,7
foresyte,5
form,6
format,6
forward,4
found,4
fps,4
framework,4
free,3
freegate,3
from,51
front,3
fsck,4
fsp,8
fstype,11
ftp,33
ftps,4
ftrapid,8
fujitsu,64
full,3
function,18
functions,11
funk,14
future,5
fxp,4
gadgetgate,4
galaxy,4
game,12
gandalf,4
garbage,6
gary,7
gat,4
gate,3
gatedisc,4
gatekeeper,4
gatestat,4
gateway,20
gbjd,4
gbs,4
gcc,4
gdb,8
gdoi,3
gdomap,4
gds,4
gemini,4
general,5
generally,4
generated,9
generic,6
genie,5
genisar,3
genrad,3
geoff,4
get,7
getdata,8
getty,24
gikreq,4
ginad,4
giop,4
gip,4
given,7
glbp,3
glishd,4
global,14
globals,4
globalsite,4
globmsgsvc,4
gmx,4
gnutella,8
goahead,3
gold,4
good,3
gov,17
gprs,4
grant,3
gridgen,4
griffin,4
groove,6
group,42
groups,6
groupwise,4
gsakmp,4
gss,7
gssagt,4
gtegsc,4
gtp,4
gtrack,4
guest,10
gui,11
guibase,4
gur,3
gwha,3
gzext,90
gzip,18
hacl,20
haifa,3
haipe,4
halt,4
hand,7
handle,3
handled,3
handler,16
hanna,3
hao,3
hardcopy,3
has,19
have,31
hawk,4
hcip,6
hde,9
hdnet,4
head,4
header,9
headers,5
health,4
healthd,4
heartbeat,6
hello,24
here,28
hermes,5
hicp,4
highlight,6
hip,4
hks,3
hlserver,6
hmmp,4
hns,5
holes,4
home,8
honyaku,4
hop,3
host,29
hostcall,4
hostd,4
hostname,5
hosts,6
hotmail,8
hotu,3
houdini,4
how,5
however,3
hpindacx,3
hpl,3
hpoms,4
hpstgmgr,4
html,9
http,72
httpd,4
https,16
huitema,3
hybrid,8
hylafax,3
hyper,3
hypercube,4
hyperwave,4
iMQ,6
iRDMI,4
iSCSI,4
iad,6
iafdbase,4
iafserver,4
ian,4
iana,29
ianaportmaster,4
ianywhere,4
iapp,4
ias,6
iatp,5
ibm,95
ica,4
icabrowser,4
icad,5
icc,3
ice,3
icg,6
icl,48
iclcnet,4
iclpv,14
icon,3
icp,4
ida,4
ideafarm,5
ideesrv,4
iden,4
ident,3
identify,5
idonix,3
idotdist,4
idp,3
idxp,3
ieee,6
ietf,5
ife,4
ifor,4
ifsf,3
ifx,15
ignore,6
ignored,3
igo,3
iibp,4
iiop,16
ill,4
imap,11
imip,4
impera,4
implement,3
implemented,4
implicit,3
imtc,4
inalp,3
iname,3
inbusiness,4
inc,6
include,11
includes,3
including,7
incog,3
incognito,4
index,7
indigo,6
indx,3
inet,7
inetd,3
info,22
infolibria,3
informatik,6
information,24
infoseek,6
infotrieve,4
infowave,3
ingres,10
ini,8
initial,5
initiator,4
initlsmsad,4
innosys,4
inpck,6
input,11
inria,3
insitu,5
inspect,4
inst,9
install,11
installed,3
installer,5
installling,3
instead,22
instl,4
int,5
intecom,6
intecourier,4
integer,47
integral,3
intel,26
intellistor,3
intended,4
inter,6
interbase,6
interbusiness,3
intercom,3
interface,7
interhdl,3
intermec,3
internal,20
internet,10
intersan,5
interserver,4
intersys,3
interwise,3
into,9
intrinsa,3
intv,4
invision,5
ioc,5
ipass,3
ipc,6
ipcd,6
ipconfig,3
ipcserver,6
ipdd,4
iph,4
ipsec,4
ipulse,3
ipv,17
ipx,7
irc,8
irdg,3
irdmi,4
isakmp,4
isbconference,8
iscsi,5
isi,52
isis,20
ismserver,4
iso,15
isode,4
isoft,3
isoipsigport,4
isomair,4
isysg,5
ita,4
itactionserver,4
itinternet,3
itm,12
itmasters,7
ito,3
its,11
itscomm,4
itself,7
itt,3
iua,3
ivcollector,4
ivecon,3
ivmanager,4
iwlistener,4
iwserver,4
jabber,7
jacobus,3
jaleosnd,4
james,8
jason,6
jasonm,3
jaugsremotec,4
java,8
jboss,4
jbroker,4
jdl,3
jeff,5
jeffrey,3
jerand,4
jetform,6
jibe,3
jim,8
jis,3
jlicelmd,4
jmact,6
jmb,4
jmevt,4
jmq,4
job,4
joe,8
john,9
johnk,6
johnl,3
journee,5
jrrao,5
just,6
kana,3
kar,3
kchapman,3
keith,5
kel,4
kentrox,3
kerberos,9
kermit,4
kern,10
kernel,6
key,530
keychain,4
keys,5
keyserver,3
kill,7
kis,4
kjtsiteserver,4
klogin,3
kme,3
know,3
known,8
kofax,4
konshus,3
konspire,4
kopek,3
kpasswd,4
kpn,3
krb,13
kryptolan,3
laEntry,36
labrat,4
lambert,3
lan,7
language,5
lanner,3
lanserver,4
lansource,3
lantern,4
lanyon,5
laplink,4
larry,3
launchbird,3
launchctl,3
lavenir,3
lazy,4
lbc,8
lbl,3
lcesrvr,8
lcs,3
ldap,11
ldomenech,3
ldp,4
lds,4
least,4
lecroy,4
legent,4
length,5
leo,4
less,3
let,4
level,5
lib,6
liberty,4
libexec,52
library,5
lic,4
license,13
licman,10
lif,4
life,3
like,9
likely,3
limit,25
line,29
lines,16
link,19
links,38
linktest,4
lionhead,3
lipsinc,5
list,11
listen,5
live,5
livelan,4
ljk,5
lkg,3
llm,8
llsurfup,4
lmd,16
lmgr,6
lmserver,4
load,15
loadTable,36
loadaveConfig,6
loadaveErrMessage,6
loadaveErrorFlag,6
loadaveIndex,6
loadaveLoad,6
loadaveNames,6
loads,3
loc,3
local,96
localhost,31
locate,9
location,11
locdb,5
lock,4
lockstep,3
locus,4
log,73
logger,4
logging,9
login,35
loginwindow,6
logos,4
lonewolf,3
lontalk,4
lonworks,4
look,7
looks,3
lookup,5
lookupd,7
loopback,4
lot,3
lotus,5
lowercase,3
lpcp,4
lpm,4
lpr,3
lps,3
lrs,3
lstn,4
ltp,4
lucent,13
lupa,4
lvision,3
mach,11
machine,13
macon,4
macromedia,5
madge,5
maeckel,3
magaya,3
magic,7
magicnotes,5
magicom,3
mail,59
mailbox,5
mailq,7
main,16
maincontrol,3
mainsoft,5
make,16
makes,6
man,14
manage,3
managed,4
management,8
manager,24
manual,13
manyone,9
mao,4
map,9
mapd,4
mapper,8
maps,3
marc,3
marcam,3
mark,12
marked,4
markm,5
markson,3
martin,11
masqdialer,4
master,12
match,8
matched,3
matip,4
matt,4
max,34
maximum,6
may,19
mbadmin,8
mbstring,14
mcagent,4
mcast,14
mcell,8
mck,3
mcns,6
mcp,6
mcs,12
mctet,6
mds,3
means,24
mechanism,4
mechanisms,28
med,28
media,12
mei,5
memory,5
menandmice,10
meo,3
message,17
messages,11
messaging,6
meta,6
metastorm,3
metatude,3
meter,4
method,3
metrics,8
mftp,6
mgarti,3
mgcp,4
mgcs,3
mgmt,26
mgr,20
mib,12
mice,4
michael,10
micom,5
microcom,5
micromuse,11
microsoft,58
microtalon,4
might,5
mike,14
mil,10
mimer,3
min,14
mind,3
ming,5
minivend,3
minute,3
minutes,4
miroconnect,4
mit,13
miteksys,3
miva,3
miyahara,3
mkdir,8
mloadd,4
mlp,4
mmorgan,4
mmp,3
mmpdc,4
mms,4
mobile,4
mode,38
model,4
modem,4
modify,5
moldflow,5
mon,15
monitor,15
monitoring,7
montage,3
monthly,4
more,20
mosaicsyssvc,4
moshe,3
most,9
mot,5
motorola,3
mount,28
mountd,13
movies,3
mpfoncl,4
mpm,7
mpnjsc,4
mpnjsocl,4
mpnjsomb,4
mpnjsomg,4
mpnjsosv,4
mppolicy,8
mps,4
mpshrsv,4
mqs,6
mqseries,4
mrose,6
msft,6
msg,14
msgd,4
msgsys,4
msi,3
msp,4
msql,6
mssql,15
mta,3
mtime,4
mtl,3
mtp,3
mtrgtrans,4
mtview,6
muenchen,3
multi,4
murray,3
murx,4
muse,3
must,17
mux,7
mvel,6
mvs,5
myk,3
mylex,6
mynetwork,10
mysql,21
name,64
named,8
names,15
nameserver,4
nas,8
nasa,4
nati,10
natinst,3
navisphere,4
nbp,3
nbx,8
ncacn,4
ncadg,4
nced,4
ncld,4
ncp,4
ncpm,12
ncps,4
ncr,7
ncu,4
ncube,3
ndl,17
ndm,6
nds,6
nec,5
need,12
needlink,5
neod,4
neoiface,4
neon,3
nessus,4
nest,4
net,210
netadmin,4
netarx,3
netbill,10
netbios,7
netboot,31
netbootoption,3
netchat,4
netcom,5
netcomm,4
netdb,5
netinfo,12
netiq,17
netlan,4
netlock,11
netmanage,3
netmap,4
netmo,4
netmount,3
netobjects,5
netop,4
netopia,23
netops,3
netplay,4
netrek,4
netrix,3
netrjs,8
netsc,4
netserialext,16
netspeak,9
netsupport,4
nettest,4
netuitive,5
netview,48
netviewdm,6
netvision,3
netware,4
netwatcher,4
netwave,3
network,68
netx,4
new,9
newaliases,5
newgenpay,3
newlixreg,4
newman,3
newoak,3
next,8
nfs,7
nfsd,8
nhserver,4
nice,3
nicetec,9
nick,4
nidb,4
nifty,4
niftyserve,3
nim,4
nimreg,4
njack,4
nkd,3
nlm,4
nmap,4
nms,16
nmsigport,4
nmsp,4
nmsvc,4
nnm,4
nntp,5
noahp,3
noauth,4
nobody,10
noc,4
node,7
nokia,9
non,26
none,77
norm,3
normal,4
nortelnetworks,3
norton,3
not,83
notes,10
notice,8
notices,3
notif,4
notify,11
novative,7
novell,27
now,6
nowait,19
npmp,16
nqs,4
nrcabq,3
nremote,4
nsc,4
nsd,4
nsi,4
nsjtp,8
nsp,3
nta,4
ntalk,3
ntalkd,5
ntp,4
nucleus,4
null,8
number,36
numbers,6
nut,3
nuts,4
oasis,5
objective,3
objects,6
obtained,3
occur,4
oce,3
oceansoft,3
ocs,4
odbc,11
odialog,4
off,27
office,4
ofsd,4
ohimsrv,4
olap,8
old,3
omagent,4
omnisky,3
omronsoft,7
oncrpc,4
one,16
online,4
onlinet,4
only,40
ono,6
ontime,4
opalis,13
opc,4
open,4
openmail,4
opennl,4
openport,3
openstorage,4
opentable,4
openvms,4
operations,3
operator,4
opsec,14
opsession,6
optika,3
option,16
optional,3
options,12
optiwave,3
oracle,29
oraclenames,4
orb,4
orbix,8
orbixd,4
orbplus,4
order,15
ordinox,6
org,73
orion,6
osmosys,3
other,18
otherwise,3
ouche,5
out,23
output,49
outputs,4
ovalarmsrv,4
over,65
overload,4
override,3
ovw,4
own,6
owner,18
packet,4
packets,4
pafec,5
page,15
paging,4
pago,5
palace,12
panasas,3
pangolin,3
panja,6
parameter,3
parameters,4
parenb,4
parity,9
parodd,4
parse,3
parsec,7
part,6
partimage,3
pas,14
paso,4
paspar,3
pass,11
passed,6
passgo,6
passtest,6
passthru,4
passwd,6
password,21
passwords,6
path,54
patrol,8
paul,18
payrouter,4
pcc,8
pciarray,4
pcnfsd,3
pconnectmgr,4
pcs,4
pcsync,4
pcw,4
pda,6
pdap,4
pdl,6
pdrncs,4
pearldoc,3
peer,11
pehelp,4
per,10
perf,10
performance,10
performed,3
permissions,4
persistent,57
personal,4
pervasive,3
peter,19
pfpro,7
pfs,6
pftp,3
pfu,19
pgsql,8
pharmasoft,5
pharos,3
phil,6
philips,4
phoenix,3
phone,3
phonex,3
php,72
piccolo,4
picknfs,4
picksys,3
pid,16
pidfile,5
pim,3
pin,4
ping,4
pip,4
pipe,6
pipex,3
piranha,4
pirp,4
pit,5
pkix,4
place,5
plato,5
please,3
plist,4
plug,3
plugin,4
plus,5
pmcd,4
pnet,4
pnl,3
pobox,4
pod,4
point,5
policy,7
poll,4
pop,14
port,382
portable,3
portal,6
portmap,5
portmapper,6
ports,18
possible,9
post,4
postconf,5
postel,23
postfix,6
postmaster,8
power,3
powerguardian,4
poweroncontact,4
poweronnud,4
powerschool,3
powwow,4
pproc,4
pptconference,4
pptp,4
prCount,6
prEntry,48
prErrFix,6
prErrMessage,6
prErrorFlag,6
prIndex,6
prMax,6
prMin,6
prNames,6
pra,4
prapi,4
prchat,4
precise,7
precision,3
preferences,4
prefixes,5
press,3
prevent,14
previo,3
previous,8
print,10
printable,4
printer,11
printers,8
printf,8
priority,3
prismiq,3
priv,6
private,35
privilege,5
privileged,7
privoxy,3
prm,9
pro,3
probability,4
probably,5
probe,6
problems,5
proc,10
procTable,48
process,16
processes,7
procos,3
prod,4
prodigy,5
production,8
profile,14
program,9
programs,3
prolink,4
prompt,3
prop,3
propel,4
properly,3
property,4
proshare,18
prospero,4
prot,12
proto,6
protocol,79
protocols,3
provides,8
proxim,5
proxy,31
psbserver,4
psdbserver,4
pserver,4
pseudo,3
pslserver,4
psmond,4
psprserver,4
pspserver,4
psrserver,4
ptmp,11
ptop,4
ptp,7
pub,4
public,27
pulsipher,4
purdue,3
purposes,3
push,16
pvsw,4
pwrsevent,4
pxc,34
qadmifevent,4
qadmifoper,4
qdhcp,4
qftest,4
qip,16
qnx,3
qnxnetman,4
qotps,4
qsnet,10
qsoft,4
quake,4
qualcomm,7
quantum,3
quartus,4
query,12
quest,14
question,4
quick,3
quotes,9
radan,3
radio,11
radius,4
radmin,3
radware,6
raft,6
raid,14
ralp,4
ralph,3
rama,3
randy,4
range,3
ranger,4
rap,14
rapidmq,4
rasadv,4
ratio,5
raven,8
raw,8
ray,5
rbakcup,4
rblcheckd,4
rbt,4
rcc,3
rci,4
rcmd,4
rdb,4
rdp,3
rds,8
rdv,4
read,32
real,3
really,3
reasonable,3
reasons,3
rebol,3
receive,4
receives,3
recipient,3
recommended,6
records,11
recv,3
redirect,7
redstorm,9
redwood,6
reference,4
reftek,3
reg,8
regardless,3
register,7
registered,4
registrar,3
registry,12
reid,3
relay,10
relevant,3
relief,3
remain,4
remmgt,4
remote,34
remoteauth,4
remoteware,6
remove,13
rendezvous,4
repcmd,4
repeated,7
repliweb,3
reporting,10
req,4
request,12
requester,6
require,5
requires,3
res,8
rescap,4
research,4
resource,4
responder,4
responselogic,3
restart,5
result,3
ret,4
rets,4
return,15
returned,6
reveal,3
rewriter,3
rfc,5
rfx,7
rhp,4
rib,3
ricardo,4
richard,5
rick,3
ridgeway,5
right,28
rightbrain,3
rights,13
ripng,4
ris,4
rje,3
rlogin,4
rlogind,3
rmc,3
rmcp,4
rmi,10
rmlnk,4
rmonitor,4
rndc,3
rob,6
robcad,3
robert,6
robin,3
robj,3
robot,6
rochester,3
rockwell,12
roid,4
roketz,4
rome,4
ron,4
root,123
ross,4
rotary,3
router,6
routing,8
royere,5
rpc,33
rquotad,3
rrh,3
rrifmm,4
rrilwm,4
rrimwm,4
rrirtr,4
rrisat,4
rsap,4
rsc,7
rshd,3
rsrb,8
rstatd,3
rsvp,7
rsync,4
rtadvd,7
rtc,4
rtcm,4
rtm,3
rtmp,7
rtnt,8
rtp,4
rtr,4
rtsp,4
rule,29
rules,3
run,56
running,26
runtime,4
rusersd,3
rwho,5
sabarsd,4
safe,19
saft,4
sage,9
saint,12
sais,6
salient,8
sam,3
same,16
samsung,3
san,3
sapxom,4
sas,5
sat,4
save,9
sbin,24
sbp,4
sca,4
scc,3
schoff,3
sci,4
science,3
scientia,6
sco,26
scohelp,4
scoi,4
scott,8
scp,4
scpi,4
script,29
scripts,10
sctp,9
scx,4
sde,5
sdhelp,4
sdproxy,4
sdsc,3
sdunode,4
sea,6
search,6
sec,22
seclayer,4
second,4
seconds,8
secure,35
security,38
securitylayer,4
sed,4
see,18
seisy,3
select,3
semantix,3
send,14
sending,3
sendmail,10
sense,6
sent,9
sentillion,3
sentinel,6
sentlm,4
sep,3
separator,5
ser,4
sercomm,7
serial,19
serialize,4
serv,10
server,235
servergraph,5
servers,7
serverview,10
service,62
services,24
sesi,4
session,64
set,62
setloginpath,4
sets,3
setting,15
settings,7
setup,5
severity,13
sfs,4
sftp,4
sftsrv,4
sgcp,4
sgi,7
sgmp,4
shadow,27
share,12
shared,28
sharing,4
shell,12
shells,3
shelltest,8
shiva,5
shockwave,4
short,4
should,31
show,4
shown,5
shtest,14
shutdown,8
shuttle,4
siam,4
sias,4
sid,4
side,5
siebel,3
siemens,5
sig,7
signal,4
signaling,4
silkp,16
silverplatter,3
sim,6
simba,4
simbaexpress,4
simbaservices,4
simple,15
simplement,4
simply,4
single,9
sip,4
sis,4
site,4
sites,3
sivonen,3
sixnetudr,4
sixtrak,4
size,11
skip,8
skronk,4
skytelnet,4
slc,8
slingshot,4
slinterbase,4
slm,4
slp,7
smaclmgr,4
smar,5
smart,5
smartsdp,4
smb,5
smc,4
smith,3
smp,7
sms,14
smsc,4
smsqp,4
smtp,4
sna,16
snare,4
sni,3
snmp,13
snmpd,24
snmpwalk,18
sns,17
socket,4
soft,6
softdataphone,4
software,19
some,5
someone,4
something,5
somewhere,4
sonar,4
sonardata,4
sonusnet,3
sony,3
sophia,4
source,16
space,4
spearway,3
special,10
specific,7
specifically,4
specified,14
specifies,3
specify,4
speed,4
splitlock,6
splr,8
spock,4
spool,9
spot,5
sprayd,3
sps,7
spsc,4
spss,3
spvr,8
spx,4
sql,11
src,8
sri,3
srp,3
srv,35
srvr,24
ssc,4
ssd,4
ssec,5
ssh,14
sshd,9
ssl,46
ssm,7
sso,7
ssowatch,4
sst,3
sstp,4
sstsys,5
stable,3
staff,4
standard,5
standards,3
starbot,3
stargatealerts,4
start,22
startron,3
starts,5
startup,7
stats,4
statsci,5
status,23
std,33
ste,6
stephen,3
steve,12
steveg,3
sti,4
still,3
stm,4
stone,6
stonefalls,3
stop,4
store,4
stored,5
stream,24
streamcomm,3
streaming,7
street,4
streettalk,4
string,354
strongly,3
stsun,3
stt,4
stuart,4
stun,10
stvp,3
style,3
sua,3
subdirectories,3
success,5
such,5
sudo,6
suitable,4
sun,34
sunrpc,3
sunscalar,4
supp,4
support,27
supported,3
sure,17
surf,4
svc,24
svnetworks,3
svr,12
svrloc,4
svs,4
swa,8
swapdir,10
swc,3
sweetware,3
swismgr,8
swispol,4
swistrap,4
swldy,4
swrmi,4
swtp,4
sybase,12
sybct,5
sym,3
symantec,11
symbios,3
symplex,5
sync,6
synchronet,6
synel,3
synoptics,4
synotics,4
syntax,7
sys,12
sysContact,4
sysLocation,4
sysctl,5
sysipc,4
syslog,16
sysmgt,4
sysorb,3
system,95
systemics,4
systemlog,4
systems,10
sysupdate,4
sysv,5
table,12
tacacs,4
taec,4
tag,6
tags,9
tal,5
talarian,17
taligent,4
talk,7
talon,6
tapestry,6
tarantella,3
target,3
targus,8
taskman,4
taskmaster,4
taurus,5
taylor,3
tcl,4
tcp,4099
tcpd,24
tcpnethaspsrv,4
tcsh,4
tdp,4
tech,10
techra,4
tek,7
tekpls,4
tel,3
telcordia,4
telesis,3
telindus,3
tell,3
tells,5
tellumat,3
telnet,14
telops,5
teltone,3
tempest,3
tep,6
terabase,3
terminal,7
terminals,7
test,10
texar,4
texbin,6
text,14
tftp,9
than,11
that,85
the,536
theater,4
their,7
them,11
then,162
there,16
these,16
theta,4
they,8
things,3
thinknet,4
this,113
thomas,5
those,5
though,3
through,11
ticf,4
tick,4
tid,4
tie,4
tier,3
tim,5
timbuktu,10
time,35
timeout,26
timeplex,3
timo,3
tip,6
tivoli,6
tls,10
tmp,38
tns,6
todd,3
tom,8
tomh,3
tony,5
too,3
tool,11
top,4
topflow,4
topo,4
touch,15
tqdata,4
traceroute,4
traceware,4
track,7
trans,9
translation,5
translogic,3
transport,12
trap,19
travsoft,6
trendchip,3
triomotion,3
triquest,5
trivnet,5
troy,3
true,24
truecm,4
try,3
tsaf,4
tsap,4
tsb,4
tsdos,4
tsspmap,4
ttc,12
ttl,3
tty,17
ttyp,10
ttyq,10
tunnel,16
tunstall,3
turbonote,4
turn,10
turned,7
two,5
twobase,40
txt,10
type,18
ubique,3
ucd,3
ucdavis,163
ucentric,4
ucl,4
udp,4077
udpradio,4
udt,6
uid,3
uiuc,3
ulpnet,4
ultimad,4
ultrabac,3
ultrex,3
uma,4
umds,4
umich,6
unassigned,8
unchanged,3
uncomment,7
undefined,3
under,11
uni,6
unicode,3
unicontrol,4
unidata,7
unify,9
unisql,4
unisys,12
unix,9
unknown,18
unless,9
unlock,3
unoffically,3
unserialize,3
unx,4
upd,6
update,11
upgrade,4
uplanet,4
ups,10
usa,4
usage,6
use,80
used,44
useful,4
user,93
username,3
users,14
uses,5
using,31
usm,4
usr,151
usually,3
utcd,4
utmp,3
uts,3
uucp,14
uucpd,4
uunet,10
vCal,4
vCard,4
vacdsm,4
valid,9
valisys,3
value,26
values,12
van,8
var,108
varadero,6
variable,8
variables,23
vars,5
vat,5
vaultbase,5
vcal,4
vcard,4
vdmplay,4
venus,9
veritas,33
version,8
versions,5
very,3
vettcp,4
via,10
video,12
videobeans,4
videotex,4
videte,3
view,12
vip,6
virtual,5
vis,4
visa,3
vision,8
vista,4
vistium,4
vlsi,3
vmf,4
vnas,4
vnd,3
vnet,16
vnwk,4
vocaltec,14
voice,6
volume,4
vpn,4
vpps,4
vrc,4
vrtl,4
vrts,12
vsi,5
vsinet,4
vsixml,4
vvr,4
vytalvaultbrtp,4
vytalvaultpipe,4
vytalvaultvsmp,4
wag,3
wait,16
want,18
wap,26
warning,8
warnings,8
was,16
watson,8
wave,3
way,7
wbem,8
wbst,5
web,22
webaccess,4
webadmin,6
webemshttp,4
webmaster,4
webmethods,3
webphone,4
webqosdb,4
webserver,4
weekly,4
weichinger,3
well,19
westell,6
what,7
wheel,3
when,31
where,8
whether,8
which,18
whitespace,7
who,10
whoami,6
whois,4
whose,4
whosells,4
wide,13
widespread,7
wildcard,9
will,75
william,6
willis,3
willy,3
winShadow,4
winddx,4
winqedit,4
wins,4
winshadow,4
winsock,4
wisc,5
wish,4
with,71
within,4
without,4
wkars,4
wlink,4
wnn,10
won,3
work,14
world,25
worldfusion,5
worldnet,3
would,8
write,9
writesrv,4
writing,7
wrs,4
wsm,10
wsp,12
wta,4
wtp,6
wuc,5
www,24
xTrade,4
xact,6
xcellenet,3
xerox,7
xfer,4
xgrid,4
xinetd,6
xingcsm,4
xingmpeg,4
xinuexpansion,6
xml,5
xmlmail,4
xmlrpc,3
xmltec,4
xmpv,6
xmquery,4
xmsg,4
xnm,4
xnmp,4
xns,11
xpilot,3
xps,4
xss,4
xvttp,4
yahoo,6
yak,3
yamasita,7
yang,3
yes,42
yestrader,3
yet,5
yossi,3
you,98
your,36
zarkov,4
zenginkyo,8
zephyr,7
zero,4
zion,4
zip,7
zlib,6
zone,4
